City_ID,City,Country,Date,Lat,Lng,Max Temp,Humidity,Cloudiness,Wind Speed
0,Albany,US,2020-05-27 01:51:32,42.6,-73.97,80.01,60,0,3.85
1,Punta Arenas,CL,2020-05-27 01:53:40,-53.15,-70.92,42.8,81,40,12.75
2,Requena,ES,2020-05-27 01:56:13,39.49,-1.1,57.0,71,0,4.32
3,Fortuna,US,2020-05-27 01:56:13,40.6,-124.16,60.01,87,1,14.99
4,Finnsnes,NO,2020-05-27 01:54:21,69.23,17.98,44.6,65,100,13.87
5,Kyabram,AU,2020-05-27 01:56:13,-36.32,145.05,57.0,79,66,1.01
6,Kapaa,US,2020-05-27 01:56:13,22.08,-159.32,80.6,74,75,11.41
7,Byron Bay,AU,2020-05-27 01:56:13,-28.65,153.62,70.0,68,90,9.17
8,Mersing,MY,2020-05-27 01:56:13,2.43,103.84,78.8,94,40,2.24
9,Puksoozero,RU,2020-05-27 01:56:13,62.59,40.61,44.8,87,0,2.26
10,Walvis Bay,NA,2020-05-27 01:56:14,-22.96,14.51,51.01,76,0,8.05
11,Port Alfred,ZA,2020-05-27 01:56:14,-33.59,26.89,48.0,84,100,8.01
12,Rikitea,PF,2020-05-27 01:56:14,-23.12,-134.97,75.81,83,97,17.67
13,Preobrazheniye,RU,2020-05-27 01:56:14,42.9,133.91,55.78,79,16,2.55
14,Aliwal North,ZA,2020-05-27 01:56:14,-30.69,26.71,28.2,96,2,3.4
15,Muzhi,RU,2020-05-27 01:56:14,65.37,64.67,47.19,54,100,1.83
16,Tupiza,BO,2020-05-27 01:56:15,-21.45,-65.72,53.8,36,0,3.24
17,Butaritari,KI,2020-05-27 01:56:15,3.07,172.79,83.14,68,20,4.09
18,Alamosa,US,2020-05-27 01:53:36,37.47,-105.87,73.4,16,90,12.75
19,Ushuaia,AR,2020-05-27 01:54:34,-54.8,-68.3,44.6,70,75,16.11
20,Mataura,NZ,2020-05-27 01:56:15,-46.19,168.86,54.7,66,64,0.16
21,New Norfolk,AU,2020-05-27 01:56:15,-42.78,147.06,50.0,80,58,4.59
22,Dikson,RU,2020-05-27 01:56:15,73.51,80.55,31.37,99,100,14.34
23,Atuona,PF,2020-05-27 01:56:16,-9.8,-139.03,81.36,74,8,10.56
24,Carnarvon,AU,2020-05-27 01:56:16,-24.87,113.63,65.14,47,0,15.35
25,Busselton,AU,2020-05-27 01:56:16,-33.65,115.33,64.99,50,89,18.1
26,Saint George,US,2020-05-27 01:52:51,37.1,-113.58,95.0,13,1,13.87
27,Tucurui,BR,2020-05-27 01:56:16,-3.77,-49.67,74.71,93,85,2.1
28,Barrow,US,2020-05-27 01:56:16,71.29,-156.79,33.8,74,90,6.93
29,Saskylakh,RU,2020-05-27 01:56:16,71.92,114.08,32.36,90,100,17.94
30,Nouadhibou,MR,2020-05-27 01:56:16,20.93,-17.03,64.4,93,90,16.11
31,Balgarovo,BG,2020-05-27 01:56:17,42.62,27.3,52.0,87,30,8.05
32,Buribay,RU,2020-05-27 01:56:17,51.96,58.16,58.33,75,8,17.9
33,Nikolskoye,RU,2020-05-27 01:56:17,59.7,30.79,44.6,70,26,0.22
34,Puerto Ayora,EC,2020-05-27 01:56:17,-0.74,-90.35,75.0,91,72,1.01
35,Auki,SB,2020-05-27 01:56:17,-8.77,160.7,87.76,67,59,4.76
36,Zeya,RU,2020-05-27 01:56:17,53.75,127.27,75.49,25,0,5.84
37,Bhayavadar,IN,2020-05-27 01:56:17,21.85,70.25,82.94,74,72,12.59
38,Bata,GQ,2020-05-27 01:56:17,1.86,9.77,78.08,89,100,5.1
39,Veraval,IN,2020-05-27 01:56:17,20.9,70.37,84.65,77,46,16.37
40,Mizdah,LY,2020-05-27 01:56:17,31.45,12.98,61.86,52,0,4.61
41,Klaksvik,FO,2020-05-27 01:56:17,62.23,-6.59,46.4,81,45,21.92
42,Faanui,PF,2020-05-27 01:54:36,-16.48,-151.75,82.31,73,2,5.95
43,Chokurdakh,RU,2020-05-27 01:56:17,70.63,147.92,54.95,39,99,22.06
44,Bluff,NZ,2020-05-27 01:56:18,-46.6,168.33,50.99,78,55,1.63
45,Pringsewu,ID,2020-05-27 01:56:18,-5.36,104.97,80.78,81,100,2.04
46,Rio De Janeiro,BR,2020-05-27 01:53:38,-22.9,-43.21,68.0,64,0,3.36
47,Aklavik,CA,2020-05-27 01:56:18,68.22,-135.01,55.4,47,20,6.93
48,Bitam,GA,2020-05-27 01:56:18,2.08,11.5,69.87,98,100,1.83
49,Cape Town,ZA,2020-05-27 01:56:18,-33.93,18.42,46.4,93,75,6.93
50,Lavrentiya,RU,2020-05-27 01:56:18,65.58,-171.0,37.53,87,100,10.92
51,Aleksandrovka,UA,2020-05-27 01:56:18,46.84,32.76,49.21,91,54,1.9
52,Arraial Do Cabo,BR,2020-05-27 01:56:18,-22.97,-42.03,60.8,87,2,4.7
53,Jamestown,US,2020-05-27 01:54:53,42.1,-79.24,78.8,47,1,5.82
54,Angoche,MZ,2020-05-27 01:56:18,-16.23,39.91,73.17,87,0,10.63
55,Pitkyaranta,RU,2020-05-27 01:56:19,61.57,31.48,45.41,69,0,0.49
56,Ribeira Grande,PT,2020-05-27 01:56:19,38.52,-28.7,64.67,87,11,3.51
57,Vyshestebliyevskaya,RU,2020-05-27 01:56:19,45.2,37.02,57.2,93,100,13.42
58,Faya,SA,2020-05-27 01:56:19,18.39,42.45,66.2,42,1,7.05
59,Hasaki,JP,2020-05-27 01:56:19,35.73,140.83,73.0,73,75,9.17
60,Vaini,TO,2020-05-27 01:56:19,-21.2,-175.2,80.6,65,75,6.93
61,Ibra,OM,2020-05-27 01:56:19,22.69,58.53,81.68,49,0,2.39
62,Airai,TL,2020-05-27 01:56:19,-8.93,125.41,73.38,77,36,1.07
63,Ilulissat,GL,2020-05-27 01:56:19,69.22,-51.1,33.8,64,100,4.7
64,Bambous Virieux,MU,2020-05-27 01:56:19,-20.34,57.76,73.99,83,20,5.82
65,Vila Franca Do Campo,PT,2020-05-27 01:56:19,37.72,-25.43,64.4,88,75,3.36
66,Taree,AU,2020-05-27 01:56:20,-31.9,152.47,64.99,72,90,9.17
67,Kulob,TJ,2020-05-27 01:56:20,37.91,69.78,73.4,53,31,11.18
68,Honiara,SB,2020-05-27 01:56:20,-9.43,159.95,93.2,63,20,5.82
69,Poum,NC,2020-05-27 01:56:20,-20.23,164.02,76.55,67,25,9.37
70,Hithadhoo,MV,2020-05-27 01:56:20,-0.6,73.08,84.07,72,17,7.16
71,Kodiak,US,2020-05-27 01:56:20,57.79,-152.41,51.8,66,75,11.41
72,Geraldton,AU,2020-05-27 01:56:20,-28.77,114.6,62.6,77,40,9.17
73,Sitka,US,2020-05-27 01:56:20,57.05,-135.33,51.8,71,40,11.41
74,San Jeronimo,PE,2020-05-27 01:56:20,-11.95,-75.28,42.22,64,48,1.88
75,West Wendover,US,2020-05-27 01:56:20,40.74,-114.07,82.4,18,1,6.93
76,Sinnamary,GF,2020-05-27 01:56:20,5.38,-52.95,79.16,86,100,11.59
77,Kaitangata,NZ,2020-05-27 01:56:21,-46.28,169.85,53.87,71,4,2.21
78,Anloga,GH,2020-05-27 01:56:21,5.79,0.9,80.6,88,20,4.7
79,Arlit,NE,2020-05-27 01:56:21,18.74,7.39,90.23,23,100,20.8
80,Whitehorse,CA,2020-05-27 01:56:21,60.72,-135.05,53.6,32,75,4.7
81,Dingle,PH,2020-05-27 01:56:21,11.0,122.67,89.67,57,1,4.52
82,Hirara,JP,2020-05-27 01:56:21,24.8,125.28,78.8,88,75,4.7
83,Shache,CN,2020-05-27 01:56:21,38.42,77.24,81.34,15,0,5.23
84,Egvekinot,RU,2020-05-27 01:56:21,66.32,-179.17,35.87,86,81,0.51
85,Nome,US,2020-05-27 01:52:20,64.5,-165.41,53.01,70,75,8.05
86,Leningradskiy,RU,2020-05-27 01:56:21,69.38,178.42,34.65,92,0,4.63
87,Balabac,PH,2020-05-27 01:56:21,7.99,117.06,88.39,64,5,6.98
88,Lebu,CL,2020-05-27 01:56:21,-37.62,-73.65,56.62,96,69,11.18
89,Damnagar,IN,2020-05-27 01:56:22,21.7,71.52,83.52,67,67,17.36
90,Ewa Beach,US,2020-05-27 01:56:22,21.32,-158.01,82.4,74,90,8.05
91,Saint-Philippe,RE,2020-05-27 01:56:22,-21.36,55.77,68.0,72,34,5.82
92,Severo-Kurilsk,RU,2020-05-27 01:56:22,50.68,156.12,39.99,86,67,8.12
93,Yellowknife,CA,2020-05-27 01:53:42,62.46,-114.35,51.8,40,20,6.93
94,Hilo,US,2020-05-27 01:56:22,19.73,-155.09,80.6,69,90,10.29
95,Nishihara,JP,2020-05-27 01:56:22,26.18,127.76,82.4,78,90,19.46
96,Mahebourg,MU,2020-05-27 01:56:22,-20.41,57.7,73.4,83,20,5.82
97,San Quintin,MX,2020-05-27 01:56:22,30.48,-115.95,68.36,70,0,10.85
98,Mabaruma,GY,2020-05-27 01:56:23,8.2,-59.78,77.34,87,100,3.51
99,Georgetown,MY,2020-05-27 01:56:23,5.41,100.34,86.0,88,20,4.7
100,Cururupu,BR,2020-05-27 01:56:23,-1.83,-44.87,75.06,94,25,2.53
101,Goianesia,BR,2020-05-27 01:56:23,-15.32,-49.12,59.29,78,0,2.89
102,Kuzhenkino,RU,2020-05-27 01:56:23,57.76,33.95,44.2,91,2,3.91
103,Mayumba,GA,2020-05-27 01:56:23,-3.43,10.66,77.0,88,100,6.53
104,Aneho,TG,2020-05-27 01:56:23,6.23,1.6,80.6,88,20,4.7
105,Alofi,NU,2020-05-27 01:56:23,-19.06,-169.92,80.6,69,40,8.05
106,Qaanaaq,GL,2020-05-27 01:56:23,77.48,-69.36,24.49,92,25,0.78
107,Dovers,VC,2020-05-27 01:56:23,12.88,-61.18,82.58,80,14,20.74
108,Guthrie,US,2020-05-27 01:51:37,35.88,-97.43,69.8,73,1,7.4
109,Campoverde,PE,2020-05-27 01:56:23,-8.48,-74.81,73.15,82,0,1.01
110,Hobart,AU,2020-05-27 01:54:31,-42.88,147.33,60.01,62,40,6.93
111,Hermanus,ZA,2020-05-27 01:56:24,-34.42,19.23,45.0,94,100,1.01
112,Grand Gaube,MU,2020-05-27 01:56:24,-20.01,57.66,73.99,78,8,5.01
113,Parkersburg,US,2020-05-27 01:56:07,39.27,-81.56,75.2,69,1,6.76
114,Auraiya,IN,2020-05-27 01:56:24,26.47,79.52,100.44,13,17,13.76
115,Araouane,ML,2020-05-27 01:56:24,18.9,-3.53,87.71,22,74,11.07
116,Pisco,PE,2020-05-27 01:56:24,-13.7,-76.22,66.2,82,90,5.82
117,Tasiilaq,GL,2020-05-27 01:56:24,65.61,-37.64,37.4,93,98,6.93
118,Dawei,MM,2020-05-27 01:56:24,14.08,98.2,85.86,69,71,1.28
119,East London,ZA,2020-05-27 01:55:06,-33.02,27.91,52.57,65,16,25.21
120,Gavle,SE,2020-05-27 01:53:27,60.67,17.14,53.01,66,50,4.0
121,Canaries,ES,2020-05-27 01:56:24,28.0,-15.5,68.0,88,20,20.8
122,Beringovskiy,RU,2020-05-27 01:56:24,63.05,179.32,33.89,95,100,3.22
123,Lorengau,PG,2020-05-27 01:56:25,-2.02,147.27,86.54,68,0,9.55
124,Blairmore,CA,2020-05-27 01:56:25,49.6,-114.44,62.6,36,1,17.22
125,Kikwit,CD,2020-05-27 01:56:25,-5.04,18.82,72.46,74,27,0.92
126,Akdepe,TM,2020-05-27 01:56:25,42.06,59.38,75.2,53,0,11.41
127,Lively,CA,2020-05-27 01:56:25,46.43,-81.15,75.2,60,20,9.17
128,Gamba,GA,2020-05-27 01:56:25,-2.65,10.0,77.04,88,100,6.26
129,Nizhniy Kuranakh,RU,2020-05-27 01:56:25,58.84,125.49,76.35,33,0,5.57
130,Sal Rei,CV,2020-05-27 01:56:25,16.18,-22.92,71.6,88,40,13.87
131,Yeppoon,AU,2020-05-27 01:56:25,-23.13,150.73,73.4,31,100,6.93
132,Salacgriva,LV,2020-05-27 01:56:25,57.75,24.36,46.0,81,0,1.01
133,Tilichiki,RU,2020-05-27 01:56:26,60.47,166.1,37.04,91,94,3.83
134,Maridi,SS,2020-05-27 01:56:26,4.92,29.47,67.46,94,65,1.9
135,Avarua,CK,2020-05-27 01:56:26,-21.21,-159.78,78.8,61,32,2.24
136,Lompoc,US,2020-05-27 01:56:26,34.64,-120.46,72.0,68,1,10.29
137,Tuktoyaktuk,CA,2020-05-27 01:56:26,69.45,-133.04,35.6,80,20,13.87
138,Srednekolymsk,RU,2020-05-27 01:56:26,67.45,153.68,59.76,32,6,16.15
139,Cabo San Lucas,MX,2020-05-27 01:56:26,22.89,-109.91,82.0,53,20,11.41
140,Maragogi,BR,2020-05-27 01:53:31,-9.01,-35.22,76.69,90,25,10.07
141,Sao Felix Do Xingu,BR,2020-05-27 01:56:27,-6.64,-51.99,73.04,95,100,0.56
142,Ampanihy,MG,2020-05-27 01:56:27,-24.7,44.75,62.46,91,20,6.71
143,Katsuura,JP,2020-05-27 01:56:27,35.13,140.3,77.0,78,75,8.05
144,Souillac,MU,2020-05-27 01:56:27,-20.52,57.52,73.4,83,20,5.82
145,Bredasdorp,ZA,2020-05-27 01:56:27,-34.53,20.04,46.4,75,100,8.05
146,Takahashi,JP,2020-05-27 01:56:27,34.78,133.62,77.0,68,75,6.93
147,Paciran,ID,2020-05-27 01:56:27,-6.88,112.38,83.59,78,100,5.82
148,Pevek,RU,2020-05-27 01:56:27,69.7,170.31,36.28,80,0,12.37
149,Pesochnyy,RU,2020-05-27 01:56:27,60.12,30.16,44.6,70,0,1.74
150,Cusset,FR,2020-05-27 01:56:28,46.13,3.46,53.6,58,52,3.36
151,Comodoro Rivadavia,AR,2020-05-27 01:52:53,-45.87,-67.5,53.6,54,0,4.7
152,Bac Lieu,VN,2020-05-27 01:56:28,9.29,105.72,89.47,59,67,8.5
153,Esperance,AU,2020-05-27 01:51:45,-33.87,121.9,53.6,76,0,12.75
154,Inhambane,MZ,2020-05-27 01:56:28,-23.86,35.38,68.72,84,30,10.33
155,Sao Filipe,CV,2020-05-27 01:56:28,14.9,-24.5,74.59,72,4,7.27
156,Diapaga,BF,2020-05-27 01:56:28,12.07,1.79,85.55,50,50,5.3
157,Baijiantan,CN,2020-05-27 01:56:28,45.63,85.18,87.49,14,0,2.98
158,Los Llanos De Aridane,ES,2020-05-27 01:56:28,28.66,-17.92,75.0,88,20,9.17
159,Kavieng,PG,2020-05-27 01:56:28,-2.57,150.8,85.28,71,99,8.81
160,Narsaq,GL,2020-05-27 01:56:29,60.92,-46.05,41.0,75,100,2.24
161,Thompson,CA,2020-05-27 01:53:35,55.74,-97.86,73.4,31,75,3.36
162,Bandarbeyla,SO,2020-05-27 01:56:29,9.49,50.81,82.26,76,100,21.54
163,Codrington,AU,2020-05-27 01:56:29,-38.27,141.97,58.53,62,77,17.34
164,Honningsvag,NO,2020-05-27 01:56:29,70.98,25.97,43.5,93,99,13.02
165,Saldanha,ZA,2020-05-27 01:56:29,-33.01,17.94,52.07,67,100,4.16
166,Nuuk,GL,2020-05-27 01:56:29,64.18,-51.72,33.8,95,100,11.41
167,Kawalu,ID,2020-05-27 01:56:30,-7.38,108.21,77.14,87,96,0.22
168,Vila Velha,BR,2020-05-27 01:56:30,-20.33,-40.29,70.0,100,40,2.24
169,Samdari,IN,2020-05-27 01:56:30,25.82,72.58,84.2,64,0,16.46
170,Salalah,OM,2020-05-27 01:56:30,17.02,54.09,84.2,79,40,2.24
171,Lewiston,US,2020-05-27 01:56:30,44.1,-70.21,59.0,93,20,5.82
172,Hami,CN,2020-05-27 01:56:30,42.8,93.45,76.35,21,76,5.64
173,Saquena,PE,2020-05-27 01:56:30,-4.67,-73.52,75.34,84,63,1.07
174,Kamaishi,JP,2020-05-27 01:56:30,39.27,141.88,68.0,68,75,3.36
175,Arman,RU,2020-05-27 01:56:30,59.7,150.17,48.36,52,94,8.59
176,Chuy,UY,2020-05-27 01:56:30,-33.7,-53.46,47.55,89,5,7.92
177,Bonthe,SL,2020-05-27 01:56:31,7.53,-12.51,77.49,92,100,1.97
178,Barreirinha,BR,2020-05-27 01:56:31,-2.79,-57.07,75.38,93,92,2.48
179,Meulaboh,ID,2020-05-27 01:56:31,4.14,96.13,83.16,69,100,3.22
180,Taltal,CL,2020-05-27 01:56:31,-25.4,-70.48,55.63,79,22,0.65
181,Marshall,US,2020-05-27 01:56:31,34.38,-86.33,71.01,88,75,4.7
182,Ushtobe,KZ,2020-05-27 01:56:31,45.25,77.98,81.16,31,0,16.82
183,Castro,BR,2020-05-27 01:56:31,-24.79,-50.01,44.69,89,0,4.23
184,Longyearbyen,SJ,2020-05-27 01:56:31,78.22,15.64,42.8,75,75,16.11
185,Illela,NG,2020-05-27 01:56:31,13.73,5.3,89.38,41,15,7.63
186,Ipixuna,BR,2020-05-27 01:56:31,-1.76,-48.8,77.0,94,20,2.24
187,Caluquembe,AO,2020-05-27 01:56:31,-13.78,14.68,52.9,45,36,2.04
188,Buala,SB,2020-05-27 01:56:31,-8.14,159.59,86.95,66,99,7.78
189,Tala,EG,2020-05-27 01:56:32,30.68,30.94,60.22,94,0,4.25
190,Kolosovka,RU,2020-05-27 01:56:32,56.47,73.61,47.77,67,0,10.45
191,Acarau,BR,2020-05-27 01:56:32,-2.89,-40.12,77.4,87,77,6.82
192,Kananga,CD,2020-05-27 01:56:32,-5.9,22.42,70.16,67,1,1.3
193,Kruisfontein,ZA,2020-05-27 01:56:32,-34.0,24.73,47.75,80,100,16.2
194,Algemesi,ES,2020-05-27 01:56:32,39.18,-0.43,66.99,79,0,1.01
195,Sucre,BO,2020-05-27 01:56:32,-19.03,-65.26,52.74,45,0,2.24
196,Nanakuli,US,2020-05-27 01:56:32,21.39,-158.15,82.0,74,90,8.05
197,Jasper,US,2020-05-27 01:56:32,37.2,-94.35,69.8,77,40,4.7
198,Gisborne,NZ,2020-05-27 01:56:33,-38.65,178.0,53.01,83,94,5.01
199,Tsumeb,NA,2020-05-27 01:56:33,-19.23,17.72,53.2,40,0,15.23
200,Bengkulu,ID,2020-05-27 01:56:33,-3.8,102.27,82.35,72,88,1.9
201,Dodoma,TZ,2020-05-27 01:51:44,-6.17,35.74,66.2,88,75,9.17
202,Havre-Saint-Pierre,CA,2020-05-27 01:56:33,50.23,-63.6,51.8,93,1,2.24
203,Torbay,CA,2020-05-27 01:56:33,47.67,-52.73,51.01,100,90,25.28
204,Puteyets,RU,2020-05-27 01:56:33,65.17,57.09,48.63,54,93,3.36
205,Sangre Grande,TT,2020-05-27 01:56:33,10.58,-61.12,81.0,83,20,8.05
206,Xian,CN,2020-05-27 01:56:33,34.26,108.93,79.0,36,100,8.95
207,Hammerfest,NO,2020-05-27 01:56:33,70.66,23.68,46.4,65,100,12.75
208,Oranjemund,NA,2020-05-27 01:55:43,-28.55,16.43,52.68,70,43,9.71
209,Warri,NG,2020-05-27 01:56:33,5.52,5.75,77.63,93,100,2.82
210,Quelimane,MZ,2020-05-27 01:56:34,-17.88,36.89,71.6,94,0,5.82
211,Nyurba,RU,2020-05-27 01:56:34,63.28,118.33,57.94,41,22,11.77
212,Nelson Bay,AU,2020-05-27 01:56:34,-32.72,152.15,64.4,72,75,13.87
213,Adrar,MR,2020-05-27 01:56:34,20.5,-10.07,84.94,17,0,7.45
214,Khatanga,RU,2020-05-27 01:56:34,71.97,102.5,32.74,88,100,13.8
215,Vallenar,CL,2020-05-27 01:56:34,-28.57,-70.76,49.55,81,6,1.36
216,Fukue,JP,2020-05-27 01:56:34,32.69,128.84,68.0,77,75,5.82
217,Marsa Matruh,EG,2020-05-27 01:56:34,31.35,27.25,66.2,72,40,11.41
218,Idaho Falls,US,2020-05-27 01:56:34,43.47,-112.03,69.8,46,20,21.92
219,Laguna,US,2020-05-27 01:56:34,38.42,-121.42,100.4,21,1,6.93
220,Mehamn,NO,2020-05-27 01:56:34,71.04,27.85,45.39,85,98,2.84
221,Maralal,KE,2020-05-27 01:56:35,1.1,36.7,56.62,92,0,2.73
222,Rosita,NI,2020-05-27 01:56:35,13.93,-84.4,79.0,90,99,2.93
223,Bethel,US,2020-05-27 01:56:35,41.37,-73.41,68.0,77,1,4.7
224,Mount Gambier,AU,2020-05-27 01:56:35,-37.83,140.77,57.2,67,99,12.75
225,Ambulu,ID,2020-05-27 01:56:35,-8.35,113.61,82.92,79,78,1.23
226,Iqaluit,CA,2020-05-27 01:56:35,63.75,-68.51,30.2,74,90,10.29
227,Khuzhir,RU,2020-05-27 01:56:35,53.19,107.34,51.87,61,94,16.6
228,Sistranda,NO,2020-05-27 01:56:35,63.73,8.83,48.2,87,75,12.75
229,Kindu,CD,2020-05-27 01:56:35,-2.95,25.95,71.64,91,39,1.21
230,Lagos,NG,2020-05-27 01:56:35,6.58,3.75,80.6,88,20,2.62
231,Russell,US,2020-05-27 01:56:36,32.35,-85.2,71.6,88,90,4.7
232,Washougal,US,2020-05-27 01:56:36,45.58,-122.35,71.01,52,90,9.17
233,Bethlehem,BR,2020-05-27 01:55:44,-1.46,-48.5,77.0,94,20,2.24
234,Kenai,US,2020-05-27 01:56:36,60.55,-151.26,54.0,53,40,11.41
235,Erdenet,MN,2020-05-27 01:51:59,49.03,104.08,65.98,39,71,15.05
236,Sibolga,ID,2020-05-27 01:56:36,1.74,98.78,86.25,54,81,1.72
237,Kalmunai,LK,2020-05-27 01:56:36,7.42,81.82,81.46,83,100,7.72
238,Berdigestyakh,RU,2020-05-27 01:56:36,62.1,126.7,74.86,35,0,9.48
239,Mar Del Plata,AR,2020-05-27 01:56:06,-38.0,-57.56,51.01,93,0,4.7
240,Tbilisi,GE,2020-05-27 01:56:36,41.69,44.83,57.2,82,15,5.82
241,Terrace,CA,2020-05-27 01:56:37,54.52,-128.6,59.0,41,40,13.87
242,Magway,MM,2020-05-27 01:56:37,20.15,94.92,89.89,50,0,11.61
243,Sobolevo,RU,2020-05-27 01:56:37,54.43,31.9,47.25,89,100,5.06
244,Roald,NO,2020-05-27 01:56:37,62.58,6.13,48.99,81,3,14.99
245,Ivankiv,UA,2020-05-27 01:56:37,50.94,29.89,48.2,100,100,4.47
246,Krasnoselkup,RU,2020-05-27 01:56:38,65.7,82.47,39.24,71,0,18.97
247,Nuevo Progreso,MX,2020-05-27 01:56:38,23.17,-97.95,80.01,77,16,3.0
248,Vicuna,CL,2020-05-27 01:56:38,-30.03,-70.71,46.0,67,0,1.3
249,Sakakah,SA,2020-05-27 01:56:38,29.97,40.21,75.2,16,0,5.82
250,Cap Malheureux,MU,2020-05-27 01:56:38,-19.98,57.61,73.99,78,8,5.01
251,Port Elizabeth,ZA,2020-05-27 01:56:38,-33.92,25.57,46.4,87,90,10.29
252,Upernavik,GL,2020-05-27 01:56:39,72.79,-56.15,28.44,96,95,5.1
253,Fairbanks,US,2020-05-27 01:56:39,64.84,-147.72,62.6,42,75,13.87
254,Provideniya,RU,2020-05-27 01:56:39,64.38,-173.3,42.8,70,75,15.66
255,Nanortalik,GL,2020-05-27 01:56:39,60.14,-45.24,39.94,92,82,9.37
256,Caravelas,BR,2020-05-27 01:56:39,-17.71,-39.25,74.12,92,0,7.92
257,Gat,IL,2020-05-27 01:56:34,31.61,34.76,68.0,68,75,4.7
258,Flin Flon,CA,2020-05-27 01:56:39,54.77,-101.86,64.0,53,100,0.58
259,Brae,GB,2020-05-27 01:56:39,60.4,-1.35,48.2,87,92,16.11
260,Pau Brasil,BR,2020-05-27 01:56:40,-15.46,-39.65,70.66,96,48,2.77
261,Matara,LK,2020-05-27 01:56:40,5.95,80.54,81.64,83,100,10.47
262,Namibe,AO,2020-05-27 01:56:40,-15.2,12.15,66.94,77,7,2.44
263,Guerrero Negro,MX,2020-05-27 01:56:40,27.98,-114.06,67.8,74,52,13.91
264,Sao Joao Da Barra,BR,2020-05-27 01:56:40,-21.64,-41.05,63.52,75,0,7.34
265,Port Augusta,AU,2020-05-27 01:56:40,-32.5,137.77,60.8,51,11,11.41
266,Jatai,BR,2020-05-27 01:56:40,-17.88,-51.71,53.78,82,0,2.66
267,Shingu,JP,2020-05-27 01:56:40,33.73,135.98,73.4,64,75,8.05
268,Poplar Bluff,US,2020-05-27 01:56:40,36.76,-90.39,75.2,69,90,10.29
269,Taunggyi,MM,2020-05-27 01:56:40,20.78,97.03,74.12,67,48,6.91
270,Ternate,ID,2020-05-27 01:56:41,0.8,127.4,85.86,70,18,3.18
271,Kandrian,PG,2020-05-27 01:56:41,-6.22,149.55,86.83,68,69,10.98
272,Saint-Pierre,RE,2020-05-27 01:56:41,-21.34,55.48,68.0,72,0,5.82
273,Havoysund,NO,2020-05-27 01:56:41,71.0,24.66,46.4,65,100,12.75
274,Emerald,AU,2020-05-27 01:56:41,-23.53,148.17,70.0,32,9,3.36
275,La Romana,DO,2020-05-27 01:56:41,18.43,-68.97,77.95,84,53,7.05
276,Kaeo,NZ,2020-05-27 01:56:41,-35.1,173.78,60.01,3,98,5.99
277,Magadan,RU,2020-05-27 01:56:41,59.57,150.8,44.55,61,64,17.2
278,Troitsko-Pechorsk,RU,2020-05-27 01:56:42,62.71,56.2,51.22,81,75,3.51
279,Pitimbu,BR,2020-05-27 01:56:42,-7.47,-34.81,75.2,100,0,4.27
280,Noumea,NC,2020-05-27 01:55:44,-22.28,166.46,82.4,58,12,9.17
281,Saint-Leu,RE,2020-05-27 01:56:42,-21.15,55.28,68.0,72,3,5.82
282,Bilibino,RU,2020-05-27 01:56:42,68.05,166.44,45.19,56,0,3.13
283,Pocatello,US,2020-05-27 01:53:34,42.87,-112.45,73.4,38,20,19.46
284,Maneadero,MX,2020-05-27 01:56:42,31.72,-116.57,69.01,84,0,1.99
285,Norman,US,2020-05-27 01:56:42,35.22,-97.44,69.01,82,1,5.82
286,Rio Grande,BR,2020-05-27 01:56:37,-32.03,-52.1,53.01,84,58,3.0
287,Lagoa,PT,2020-05-27 01:56:42,39.05,-27.98,63.93,88,0,8.75
288,Santa Fe,AR,2020-05-27 01:56:42,-31.63,-60.7,57.0,70,0,4.0
289,Ola,RU,2020-05-27 01:56:43,59.58,151.28,44.69,61,82,19.1
290,Norman Wells,CA,2020-05-27 01:56:43,65.28,-126.83,59.0,72,75,5.82
291,Chifeng,CN,2020-05-27 01:56:43,42.27,118.96,67.35,32,3,7.27
292,Rotifunk,SL,2020-05-27 01:56:43,8.23,-12.68,75.69,97,100,0.43
293,Pamplona,ES,2020-05-27 01:53:28,42.82,-1.64,57.2,82,1,3.36
294,Acapulco,MX,2020-05-27 01:53:17,16.86,-99.89,80.6,74,90,8.05
295,Obo,CF,2020-05-27 01:56:43,5.4,26.49,69.33,95,47,1.21
296,Tiksi,RU,2020-05-27 01:56:43,71.69,128.87,31.41,97,91,19.6
297,Santa Rosalia,MX,2020-05-27 01:56:43,27.32,-112.28,80.98,40,97,4.32
298,Isangel,VU,2020-05-27 01:56:43,-19.55,169.27,82.4,69,75,6.93
299,Rapid Valley,US,2020-05-27 01:56:43,44.06,-103.15,72.0,43,1,4.7
300,Nabire,ID,2020-05-27 01:55:05,-3.37,135.48,81.05,78,100,1.68
301,Alice Springs,AU,2020-05-27 01:56:44,-23.7,133.88,66.2,37,75,6.93
302,Okhotsk,RU,2020-05-27 01:56:44,59.38,143.3,42.57,65,100,9.69
303,Homer,US,2020-05-27 01:55:14,59.64,-151.55,53.6,54,90,9.17
304,Kungurtug,RU,2020-05-27 01:56:44,50.6,97.52,67.86,37,69,11.32
305,Mitsamiouli,KM,2020-05-27 01:56:44,-11.38,43.28,78.53,69,0,5.55
306,Uige,AO,2020-05-27 01:56:44,-7.61,15.06,65.21,88,66,2.39
307,Mangrol,IN,2020-05-27 01:56:44,21.12,70.12,84.78,76,75,15.73
308,Zheleznodorozhnyy,RU,2020-05-27 01:56:44,55.75,38.0,53.01,87,100,3.8
309,Taoudenni,ML,2020-05-27 01:55:22,22.68,-3.98,88.93,14,0,8.05
310,Prainha,BR,2020-05-27 01:56:44,-1.8,-53.48,75.9,85,0,2.71
311,Antofagasta,CL,2020-05-27 01:56:44,-23.65,-70.4,57.2,82,20,3.36
312,Tandil,AR,2020-05-27 01:56:45,-37.32,-59.13,48.0,89,0,1.01
313,Casablanca,MA,2020-05-27 01:55:22,33.59,-7.62,69.01,100,0,4.7
314,Mogadishu,SO,2020-05-27 01:52:18,2.04,45.34,79.56,88,34,12.33
315,Santa Cruz,BO,2020-05-27 01:56:45,-17.8,-63.17,60.8,82,0,2.24
316,Castletown,IE,2020-05-27 01:56:45,53.03,-9.07,50.0,81,40,3.36
317,Pacific Grove,US,2020-05-27 01:56:45,36.62,-121.92,80.01,56,1,4.7
318,Grants,US,2020-05-27 01:56:45,35.15,-107.85,77.0,9,1,11.41
319,Kuytun,RU,2020-05-27 01:56:45,54.34,101.5,53.51,65,57,20.78
320,Khokhlovo,RU,2020-05-27 01:56:46,59.15,37.4,44.2,90,11,4.38
321,Seymchan,RU,2020-05-27 01:56:46,62.88,152.43,52.66,42,3,12.46
322,Ntungamo,UG,2020-05-27 01:56:46,-0.88,29.65,63.81,82,19,2.77
323,Tuatapere,NZ,2020-05-27 01:56:46,-46.13,167.68,55.96,67,47,2.15
324,Blackwater,AU,2020-05-27 01:56:46,-23.58,148.88,68.72,36,67,1.19
325,Plettenberg Bay,ZA,2020-05-27 01:56:46,-34.05,23.37,48.94,77,64,12.68
326,Constitucion,CL,2020-05-27 01:56:46,-35.33,-72.42,55.42,82,0,6.87
327,Necochea,AR,2020-05-27 01:56:46,-38.55,-58.74,42.01,96,0,1.99
328,Okha,RU,2020-05-27 01:56:46,53.57,142.95,38.77,84,100,9.89
329,Saint-Georges,GD,2020-05-27 01:56:46,12.06,-61.75,82.4,83,20,13.87
330,Rio Gallegos,AR,2020-05-27 01:55:31,-51.62,-69.22,41.0,75,55,2.24
331,Hobyo,SO,2020-05-27 01:56:46,5.35,48.53,82.13,76,0,19.6
332,Khromtau,KZ,2020-05-27 01:56:47,50.25,58.43,60.55,64,98,16.2
333,Portland,US,2020-05-27 01:52:54,45.52,-122.68,70.0,52,90,9.17
334,Port Blair,IN,2020-05-27 01:56:47,11.67,92.75,84.33,80,100,9.78
335,Ust-Nera,RU,2020-05-27 01:56:47,64.57,143.2,53.28,50,96,4.83
336,Broome,US,2020-05-27 01:56:47,42.25,-75.83,80.6,51,75,3.36
337,Thunder Bay,CA,2020-05-27 01:53:14,48.4,-89.32,61.0,87,75,8.05
338,Coahuayana,MX,2020-05-27 01:56:47,18.73,-103.68,70.7,77,35,2.53
339,Ancud,CL,2020-05-27 01:56:47,-41.87,-73.82,42.8,93,99,2.24
340,Kurtamysh,RU,2020-05-27 01:56:47,54.91,64.43,54.46,76,0,8.59
341,Padang,ID,2020-05-27 01:55:31,-0.95,100.35,85.59,58,71,0.43
342,Naze,JP,2020-05-27 01:56:48,28.37,129.48,78.8,94,75,9.17
343,Bolitoc,PH,2020-05-27 01:56:48,15.74,119.88,89.24,61,21,4.68
344,Teguldet,RU,2020-05-27 01:56:48,57.31,88.17,48.33,52,65,9.93
345,Aasiaat,GL,2020-05-27 01:56:48,68.71,-52.87,28.78,95,56,11.65
346,Tashtagol,RU,2020-05-27 01:56:48,52.77,87.89,45.99,91,100,7.38
347,Solnechnyy,RU,2020-05-27 01:56:48,50.72,136.63,72.32,28,100,2.19
348,Westerland,DE,2020-05-27 01:56:48,54.91,8.3,51.8,93,86,8.05
349,Mwanza,TZ,2020-05-27 01:56:48,-2.52,32.9,66.2,88,20,6.04
350,Victoria,HK,2020-05-27 01:54:13,22.29,114.16,86.0,79,90,4.0
351,Boa Vista,BR,2020-05-27 01:56:49,2.82,-60.67,80.6,88,75,2.24
352,Vardo,NO,2020-05-27 01:56:49,70.37,31.11,46.11,88,88,8.28
353,Lasa,IT,2020-05-27 01:56:49,46.62,10.7,44.6,70,9,5.82
354,Te Anau,NZ,2020-05-27 01:56:49,-45.42,167.72,51.19,65,0,0.65
355,Outlook,CA,2020-05-27 01:56:49,51.5,-107.05,61.0,55,100,5.99
356,Atasu,KZ,2020-05-27 01:56:49,48.68,71.64,65.53,55,0,18.32
357,Baruun-Urt,MN,2020-05-27 01:56:50,46.68,113.28,63.9,39,85,12.44
358,Lazaro Cardenas,MX,2020-05-27 01:56:50,17.96,-102.2,73.99,79,34,5.55
359,Pathein,MM,2020-05-27 01:52:03,16.78,94.73,89.64,59,0,6.38
360,Anadyr,RU,2020-05-27 01:56:50,64.75,177.48,39.2,80,75,15.66
361,Klyuchi,RU,2020-05-27 01:56:50,52.27,79.17,55.31,58,62,14.32
362,Kerman,IR,2020-05-27 01:56:50,30.28,57.08,55.4,47,0,6.93
363,Shushenskoye,RU,2020-05-27 01:56:50,53.33,91.94,42.8,70,100,11.18
364,San Patricio,MX,2020-05-27 01:56:50,19.22,-104.7,82.4,78,5,11.41
365,Yar-Sale,RU,2020-05-27 01:56:50,66.83,70.83,39.25,69,0,5.35
366,Orumiyeh,IR,2020-05-27 01:56:50,37.55,45.08,55.45,56,55,2.06
367,Straz Pod Ralskem,CZ,2020-05-27 01:56:50,50.7,14.8,45.0,89,0,2.89
368,Chabahar,IR,2020-05-27 01:56:51,25.29,60.64,82.4,88,0,9.22
369,Daru,PG,2020-05-27 01:56:51,-9.08,143.21,81.05,81,100,13.47
370,Yarada,IN,2020-05-27 01:56:51,17.65,83.27,86.0,84,20,8.05
371,Barra Dos Coqueiros,BR,2020-05-27 01:55:49,-10.91,-37.04,82.4,83,40,5.82
372,Grindavik,IS,2020-05-27 01:56:51,63.84,-22.43,42.8,87,75,19.46
373,Guiratinga,BR,2020-05-27 01:56:51,-16.35,-53.76,58.33,74,0,2.8
374,Rudbar,AF,2020-05-27 01:56:51,30.15,62.6,81.77,23,0,15.52
375,Gombong,ID,2020-05-27 01:56:51,-7.61,109.51,82.4,79,100,2.93
376,Ahipara,NZ,2020-05-27 01:56:51,-35.17,173.17,64.83,85,51,6.93
377,Coquimbo,CL,2020-05-27 01:56:51,-29.95,-71.34,59.0,77,90,2.24
378,Vicksburg,US,2020-05-27 01:53:12,32.35,-90.88,77.0,100,90,4.12
379,Tigil,RU,2020-05-27 01:56:52,57.8,158.67,50.65,54,100,19.42
380,Puerto Del Rosario,ES,2020-05-27 01:56:52,28.5,-13.86,68.0,88,90,10.29
381,Barddhaman,IN,2020-05-27 01:56:52,23.25,87.85,86.68,66,92,15.17
382,Jiayuguan,CN,2020-05-27 01:56:52,39.82,98.3,65.98,26,91,14.14
383,Cartagena Del Chaira,CO,2020-05-27 01:54:35,1.33,-74.84,72.55,96,97,2.3
384,Mayo,US,2020-05-27 01:56:52,38.89,-76.51,69.01,92,92,7.2
385,Kysyl-Syr,RU,2020-05-27 01:56:52,63.9,122.76,65.53,40,9,13.15
386,Robertsganj,IN,2020-05-27 01:56:52,24.7,83.07,99.05,12,83,10.69
387,Porbandar,IN,2020-05-27 01:55:16,21.64,69.61,84.96,75,85,16.33
388,Kamenka,RU,2020-05-27 01:56:52,51.32,42.77,48.0,95,100,3.0
389,Vanavara,RU,2020-05-27 01:56:52,60.34,102.28,39.97,90,99,10.47
390,Kalininsk,RU,2020-05-27 01:56:53,51.5,44.48,53.98,93,100,9.71
391,Qasigiannguit,GL,2020-05-27 01:56:53,68.82,-51.19,33.8,64,100,4.7
392,Fare,PF,2020-05-27 01:56:53,-16.7,-151.02,82.83,71,34,5.17
393,Ratnagiri,IN,2020-05-27 01:56:53,16.98,73.3,83.48,78,2,3.74
394,Igrim,RU,2020-05-27 01:56:53,63.19,64.42,52.18,55,83,4.85
395,Shenjiamen,CN,2020-05-27 01:56:53,29.96,122.3,68.88,78,71,9.22
396,Belyy Yar,RU,2020-05-27 01:56:53,53.6,91.39,42.8,70,100,11.18
397,Mount Pleasant,US,2020-05-27 01:52:53,32.79,-79.86,73.0,100,90,4.7
398,Pangnirtung,CA,2020-05-27 01:56:53,66.15,-65.71,18.75,92,8,2.42
399,Zaysan,KZ,2020-05-27 01:56:53,47.47,84.87,81.39,32,23,8.01
400,Almaznyy,RU,2020-05-27 01:56:53,48.04,40.05,44.6,100,40,2.24
401,Tvoroyri,FO,2020-05-27 01:56:53,61.56,-6.81,46.4,81,83,21.92
402,Savinka,RU,2020-05-27 01:56:54,50.08,47.1,56.01,94,64,14.23
403,Port Hardy,CA,2020-05-27 01:55:49,50.7,-127.42,57.2,58,20,16.11
404,Miracema Do Tocantins,BR,2020-05-27 01:56:54,-9.56,-48.4,73.74,90,59,2.06
405,Westport,US,2020-05-27 01:54:42,41.14,-73.36,64.4,82,1,5.82
406,Itaituba,BR,2020-05-27 01:56:54,-4.28,-55.98,75.18,95,98,0.78
407,Alta Floresta,BR,2020-05-27 01:56:54,-9.88,-56.09,68.58,93,0,2.75
408,Carutapera,BR,2020-05-27 01:56:54,-1.2,-46.02,76.82,92,15,5.03
409,Skelleftea,SE,2020-05-27 01:56:21,64.75,20.95,52.0,93,100,2.24
410,Camacha,PT,2020-05-27 01:56:54,33.08,-16.33,62.6,82,20,8.05
411,Maltahohe,NA,2020-05-27 01:56:54,-24.83,16.98,36.95,79,0,4.99
412,Ostrovnoy,RU,2020-05-27 01:56:54,68.05,39.51,42.17,66,2,6.4
413,Luderitz,NA,2020-05-27 01:56:54,-26.65,15.16,53.6,58,0,10.29
414,Tura,IN,2020-05-27 01:56:55,25.52,90.22,74.79,97,99,6.02
415,College,US,2020-05-27 01:56:55,64.86,-147.8,62.6,41,75,11.41
416,Yining,CN,2020-05-27 01:56:55,29.04,114.56,74.66,72,100,0.34
417,Alyangula,AU,2020-05-27 01:56:55,-13.85,136.42,78.8,50,12,8.05
418,Nouakchott,MR,2020-05-27 01:56:55,18.09,-15.98,73.31,58,0,13.11
419,Cidreira,BR,2020-05-27 01:52:41,-30.18,-50.21,57.56,70,100,17.92
420,Asuncion,PY,2020-05-27 01:56:55,-25.3,-57.64,51.8,93,0,3.13
421,Margate,GB,2020-05-27 01:56:55,51.38,1.39,55.99,78,99,5.61
422,Carballo,ES,2020-05-27 01:56:55,43.21,-8.69,62.6,72,0,1.12
423,Saint-Joseph,RE,2020-05-27 01:56:55,-21.37,55.62,68.0,72,16,5.82
424,Realeza,BR,2020-05-27 01:56:55,-25.77,-53.53,47.01,96,0,2.19
425,Winnemucca,US,2020-05-27 01:56:56,40.97,-117.74,84.2,21,1,11.41
426,Kulunda,RU,2020-05-27 01:56:56,52.57,78.94,55.38,57,81,12.82
427,Kitimat,CA,2020-05-27 01:56:56,54.05,-128.65,59.0,58,17,3.0
428,Zhigalovo,RU,2020-05-27 01:56:56,54.81,105.16,59.2,73,100,17.07
429,Andenes,NO,2020-05-27 01:56:56,69.31,16.12,44.6,87,92,13.87
430,Olinda,BR,2020-05-27 01:56:56,-8.01,-34.86,78.8,88,20,2.24
431,Mafeteng,LS,2020-05-27 01:56:56,-29.82,27.24,24.98,98,0,1.3
432,Biltine,TD,2020-05-27 01:56:56,14.53,20.92,79.47,15,0,10.11
433,Cherskiy,RU,2020-05-27 01:56:56,68.75,161.3,55.63,38,98,10.74
434,Avera,US,2020-05-27 01:56:56,33.19,-82.53,69.8,100,90,6.93
435,Broken Hill,AU,2020-05-27 01:56:56,-31.95,141.43,57.2,47,40,8.05
436,Harper,LR,2020-05-27 01:56:57,4.38,-7.72,78.46,84,100,5.68
437,Mago,RU,2020-05-27 01:56:57,53.25,140.18,68.74,41,92,4.83
438,Monrovia,LR,2020-05-27 01:56:57,6.3,-10.8,77.0,94,75,5.93
439,Powell River,CA,2020-05-27 01:56:57,49.85,-124.54,68.0,48,20,8.05
440,Sarangani,PH,2020-05-27 01:56:57,5.4,125.46,84.61,76,0,10.13
441,Katherine,AU,2020-05-27 01:56:57,-14.47,132.27,82.4,37,29,12.75
442,Tupelo,US,2020-05-27 01:56:57,34.26,-88.7,71.6,88,90,10.29
443,Komsomolskiy,UZ,2020-05-27 01:56:57,40.43,71.72,78.8,29,0,9.17
444,Hofn,IS,2020-05-27 01:56:57,64.25,-15.21,45.1,59,0,9.4
445,Oranjestad,AW,2020-05-27 01:56:57,12.52,-70.03,82.4,83,20,24.16
446,Choma,ZM,2020-05-27 01:56:57,-16.81,26.95,57.45,42,0,5.08
447,Champerico,GT,2020-05-27 01:56:58,14.3,-91.92,85.26,76,54,8.81
448,Luanda,AO,2020-05-27 01:56:53,-8.84,13.23,75.2,83,20,7.76
449,Khoy,IR,2020-05-27 01:56:58,38.55,44.95,58.42,58,97,1.7
450,Baykit,RU,2020-05-27 01:56:58,61.67,96.37,50.16,48,94,13.47
451,Ejura,GH,2020-05-27 01:56:58,7.39,-1.36,72.86,93,52,4.72
452,Araxa,BR,2020-05-27 01:56:58,-19.59,-46.94,53.6,66,0,5.82
453,Abu Kamal,SY,2020-05-27 01:56:58,34.45,40.92,74.89,25,12,6.89
454,Ilhabela,BR,2020-05-27 01:56:58,-23.78,-45.36,61.95,68,0,4.76
455,Bom Jesus,BR,2020-05-27 01:56:59,-9.07,-44.36,74.17,83,100,3.44
456,Varhaug,NO,2020-05-27 01:56:59,58.61,5.65,48.2,93,85,6.93
457,Sioux Lookout,CA,2020-05-27 01:55:02,50.1,-91.92,60.8,100,90,9.17
458,San Julian,MX,2020-05-27 01:56:59,21.02,-102.17,74.19,18,1,9.24
459,Jiuquan,CN,2020-05-27 01:56:59,39.74,98.52,68.49,24,98,11.9
460,Moyale,KE,2020-05-27 01:56:59,3.52,39.06,64.54,98,44,4.34
461,Vestmannaeyjar,IS,2020-05-27 01:56:59,63.44,-20.27,45.5,77,100,19.15
462,Muros,ES,2020-05-27 01:56:59,42.78,-9.06,66.0,68,0,4.0
463,Venezuela,VE,2020-05-27 01:56:59,8.0,-66.0,81.97,75,100,9.33
464,Lubu,CN,2020-05-27 01:56:59,23.17,112.28,82.0,99,100,2.53
465,Goderich,CA,2020-05-27 01:56:59,43.75,-81.72,75.99,74,0,7.47
466,Sisimiut,GL,2020-05-27 01:57:00,66.94,-53.67,35.82,82,100,13.35
467,Sabang,ID,2020-05-27 01:57:00,5.89,95.32,83.84,75,100,7.65
468,Bairiki,KI,2020-05-27 01:57:00,1.33,172.98,87.8,66,40,6.93
469,Komatipoort,ZA,2020-05-27 01:57:00,-25.43,31.95,51.8,66,11,1.12
470,Umm Lajj,SA,2020-05-27 01:57:00,25.02,37.27,78.15,55,0,6.4
471,Costa Rica,BR,2020-05-27 01:55:15,-23.42,-54.65,49.86,89,0,2.98
472,Maldonado,UY,2020-05-27 01:57:00,-34.67,-54.92,54.0,87,75,5.82
473,Ormara,PK,2020-05-27 01:57:00,25.21,64.64,85.28,78,0,22.53
474,Manokwari,ID,2020-05-27 01:53:46,-0.87,134.08,82.15,77,67,0.67
475,Kununurra,AU,2020-05-27 01:57:00,-15.77,128.73,82.4,37,75,5.82
476,Ketchikan,US,2020-05-27 01:57:01,55.34,-131.65,53.6,58,40,11.41
477,Moa,CU,2020-05-27 01:57:01,20.66,-74.94,79.75,86,52,8.93
478,Usogorsk,RU,2020-05-27 01:57:01,63.41,48.69,48.27,80,74,2.95
479,Masallatah,LY,2020-05-27 01:57:01,32.62,14.0,60.69,92,0,2.75
480,San Ignacio,BZ,2020-05-27 01:57:01,17.16,-89.07,84.99,66,100,5.01
481,Touros,BR,2020-05-27 01:57:01,-5.2,-35.46,77.0,94,0,4.47
482,Hilton Head Island,US,2020-05-27 01:57:01,32.22,-80.75,75.99,94,90,11.41
483,Ramanuj Ganj,IN,2020-05-27 01:57:01,23.8,83.7,98.06,12,71,10.56
484,Husavik,IS,2020-05-27 01:57:01,66.04,-17.34,44.6,52,40,31.09
485,Pullman,US,2020-05-27 01:52:55,46.73,-117.18,66.99,55,1,12.75
486,Belmonte,BR,2020-05-27 01:57:01,-15.86,-38.88,77.0,88,20,6.93
487,Hauterive,FR,2020-05-27 01:57:01,46.09,3.45,53.6,58,47,3.36
488,Liverpool,GB,2020-05-27 01:56:58,53.41,-2.98,55.4,82,3,2.24
489,Saquarema,BR,2020-05-27 01:57:02,-22.92,-42.51,60.8,87,0,4.7
490,Grants Pass,US,2020-05-27 01:52:17,42.44,-123.33,82.4,32,75,11.41
491,Thaba-Tseka,LS,2020-05-27 01:57:02,-29.52,28.61,21.43,93,10,4.56
492,Nyrob,RU,2020-05-27 01:57:02,60.73,56.72,51.76,74,50,3.53
493,Baculin,PH,2020-05-27 01:57:02,7.45,126.58,86.41,64,100,4.43
494,Achacachi,BO,2020-05-27 01:57:02,-16.05,-68.68,37.6,72,0,1.83
495,Zabaykalsk,RU,2020-05-27 01:57:02,49.63,117.32,70.83,30,100,9.91
496,Hambantota,LK,2020-05-27 01:57:02,6.12,81.12,83.37,78,100,16.2
497,Gasa,PS,2020-05-27 01:57:02,31.5,34.47,68.0,68,75,4.7
498,Labuhan,ID,2020-05-27 01:57:02,-6.88,112.21,83.66,79,97,7.36
499,Cortland,US,2020-05-27 01:57:03,42.6,-76.08,72.0,77,1,4.65
500,Dong Hoi,VN,2020-05-27 01:57:03,17.48,106.6,84.4,77,100,4.27
501,Guarapari,BR,2020-05-27 01:57:03,-20.67,-40.5,70.0,100,40,2.24
502,Ha Tinh,VN,2020-05-27 01:54:43,18.33,105.9,85.06,80,100,4.65
503,Goure,NE,2020-05-27 01:57:03,13.98,10.27,83.34,36,51,1.68
504,Susehri,TR,2020-05-27 01:57:03,40.16,38.09,52.75,53,37,2.98
505,Olds,CA,2020-05-27 01:57:03,51.78,-114.1,51.01,74,48,9.28
506,Talnakh,RU,2020-05-27 01:57:03,69.49,88.4,30.2,80,75,17.9
507,Aykhal,RU,2020-05-27 01:57:03,66.0,111.5,30.2,100,90,17.9
508,Kharabali,RU,2020-05-27 01:57:03,47.42,47.26,54.0,90,0,11.25
509,Huaiyin,CN,2020-05-27 01:57:03,33.59,119.02,80.38,49,34,5.55
510,Monastyryshche,UA,2020-05-27 01:57:03,48.99,29.8,46.98,98,98,7.54
511,Tocopilla,CL,2020-05-27 01:57:04,-22.09,-70.2,61.83,60,0,1.99
512,Ponta Do Sol,PT,2020-05-27 01:57:04,32.67,-17.1,62.01,94,6,0.87
513,Krasnodon,UA,2020-05-27 01:57:04,48.29,39.74,46.54,96,11,1.92
514,Najran,SA,2020-05-27 01:57:04,17.49,44.13,80.6,19,0,6.93
515,Chau Doc,VN,2020-05-27 01:57:04,10.7,105.12,90.0,65,69,7.31
516,Lahaina,US,2020-05-27 01:57:04,20.88,-156.68,87.8,51,40,14.99
517,Tucuman,AR,2020-05-27 01:57:04,-26.82,-65.22,55.4,71,0,5.82
518,Novobirilyussy,RU,2020-05-27 01:57:04,56.95,90.67,47.26,55,20,10.63
519,Elliot,ZA,2020-05-27 01:57:04,-31.33,27.85,27.3,93,4,9.35
520,Mambolo,SL,2020-05-27 01:57:05,8.92,-13.04,79.07,88,100,2.93
521,Olafsvik,IS,2020-05-27 01:57:05,64.89,-23.71,43.72,77,100,23.78
522,Mezen,RU,2020-05-27 01:57:05,65.85,44.24,50.22,71,1,3.78
523,Tigre,AR,2020-05-27 01:57:05,-34.43,-58.58,53.01,93,0,2.24
524,Tomatlan,MX,2020-05-27 01:57:05,19.93,-105.25,70.57,74,19,3.91
525,Nsanje,MW,2020-05-27 01:57:05,-16.92,35.26,72.91,58,64,2.93
526,Slave Lake,CA,2020-05-27 01:57:05,55.28,-114.77,53.6,54,90,16.11
527,Sotouboua,TG,2020-05-27 01:57:05,8.57,0.98,75.09,81,16,2.28
528,Vanimo,PG,2020-05-27 01:57:05,-2.67,141.3,87.66,65,17,7.29
529,Cizre,TR,2020-05-27 01:57:05,37.33,42.19,68.22,37,55,3.62
530,San Rafael,AR,2020-05-27 01:57:05,-34.62,-68.33,61.39,31,36,7.14
531,Santa Maria Da Boa Vista,BR,2020-05-27 01:57:05,-8.81,-39.83,75.04,82,59,8.41
532,Gravdal,NO,2020-05-27 01:57:06,68.12,13.5,44.92,89,7,21.79
533,Yerofey Pavlovich,RU,2020-05-27 01:57:06,53.97,121.97,72.99,26,0,7.27
534,Biskamzha,RU,2020-05-27 01:57:06,53.45,89.53,40.44,87,100,6.62
535,Madaoua,NE,2020-05-27 01:57:06,14.07,5.96,90.48,38,72,7.36
536,Nador,MA,2020-05-27 01:57:06,35.17,-2.93,68.0,88,40,11.41
537,Singosari,ID,2020-05-27 01:57:06,-7.89,112.67,80.91,74,100,1.32
538,Camacupa,AO,2020-05-27 01:57:06,-12.02,17.48,56.98,65,42,1.97
539,San Buenaventura,MX,2020-05-27 01:57:06,27.08,-101.53,79.0,55,42,1.99
540,Pahrump,US,2020-05-27 01:57:06,36.21,-115.98,99.0,10,0,1.01
541,Lata,PT,2020-05-27 01:57:06,40.16,-8.33,70.0,72,0,1.12
542,Teahupoo,PF,2020-05-27 01:57:06,-17.83,-149.27,78.8,88,75,5.82
543,Lengshuitan,CN,2020-05-27 01:57:07,26.41,111.6,75.83,73,77,1.3
544,Pekalongan,ID,2020-05-27 01:56:26,-6.89,109.68,84.63,70,97,2.19
545,Ruwi,OM,2020-05-27 01:57:07,23.6,58.55,93.2,38,0,2.24
546,Aitape,PG,2020-05-27 01:57:07,-3.14,142.35,86.65,69,22,6.11
547,Awjilah,LY,2020-05-27 01:57:07,29.11,21.29,68.18,51,1,10.38
548,Tokur,RU,2020-05-27 01:57:07,53.13,132.9,71.64,26,62,5.57
549,General Pico,AR,2020-05-27 01:57:07,-35.66,-63.76,52.14,60,0,8.59
550,Asau,RO,2020-05-27 01:57:07,46.43,26.4,46.99,88,100,3.78
551,San Cristobal,VE,2020-05-27 01:57:08,7.77,-72.22,68.45,92,100,4.03
552,Aksarka,RU,2020-05-27 01:57:08,66.56,67.8,41.86,63,40,5.39
553,Tezu,IN,2020-05-27 01:57:08,27.92,96.17,65.43,85,100,4.27
554,Nautla,MX,2020-05-27 01:57:08,20.22,-96.78,81.64,82,79,2.98
555,Manbij,SY,2020-05-27 01:57:08,36.53,37.95,50.0,87,57,8.5
